Strain,497957,679712,771128,912181,1290472,1392623,1470751,1551618,1572071,1678339,1901101,1973797,2640767,2860050,2909481,3089432,3136337,3219764,3349839,3371639,3375761,3397479
66_YP38_PB,0,1,1,1,1,1,1,1,1,0,0,1,1,1,0,1,0,1,1,1,1,1
12_YP48_MANG,0,0,1,1,1,0,0,1,0,1,1,1,0,0,0,1,0,0,0,1,1,1
12_YP47_MANG,0,0,0,1,0,0,0,0,0,1,1,0,0,1,0,0,0,0,1,1,1,0
12_YP_45_MANG,1,0,1,1,1,0,0,1,0,1,1,1,0,0,1,1,0,0,0,0,0,1
12_YP_50_MANG,0,0,0,1,0,0,0,0,0,1,1,0,0,0,0,0,0,0,1,1,1,1
R2_32_YP_93,0,0,0,1,1,0,0,1,0,1,1,1,1,0,1,1,0,0,1,1,1,1
3_YP_78_ATYR,0,0,0,1,1,0,0,1,0,1,1,1,0,0,0,1,0,0,1,0,0,1
48_YP14_PAK,0,1,1,1,1,1,1,1,1,0,1,1,0,1,1,1,0,1,1,1,1,1
3_YP_08_ATYR,0,0,0,1,1,0,0,1,0,1,1,1,0,0,1,1,1,0,1,1,1,1
15_YP27_VUP_,0,0,0,1,1,0,0,1,0,0,1,1,1,0,1,1,0,0,1,1,1,1
5_YP48_MKUM,0,1,1,1,1,1,1,1,1,0,1,1,0,0,0,1,0,1,0,0,0,1
3_YP_14_ARAL,0,1,1,1,1,1,0,1,1,1,1,1,1,0,0,1,0,1,0,1,1,1
3_YP_79_ATYR,0,0,0,1,1,0,0,1,0,1,1,1,1,0,0,1,1,0,1,1,1,0
28_YP48_NP,0,1,1,1,1,1,0,1,1,0,1,1,0,1,1,1,0,1,1,1,1,1
8_YP55_NP,0,1,1,0,1,1,1,1,1,0,1,1,1,0,1,1,0,1,1,1,1,1
